Ime,Teza,Visina,Tip,Skupna osnovna statistika,Tip2,Sposobnost,HP,Napad,Obramba,Hitrost,PosebniNapad,PosebnaObramba
bulbasaur,69,7,grass,64,poison,overgrow,45,49,49,45,65,65
ivysaur,130,10,grass,142,poison,overgrow,60,62,63,60,80,80
venusaur,1000,20,grass,263,poison,overgrow,80,82,83,80,100,100
charmander,85,6,fire,62,,blaze,39,52,43,65,60,50
charmeleon,190,11,fire,142,,blaze,58,64,58,80,80,65
charizard,905,17,fire,267,flying,blaze,78,84,78,100,109,85
squirtle,90,5,water,63,,torrent,44,48,65,43,50,64
wartortle,225,10,water,142,,torrent,59,63,80,58,65,80
blastoise,855,16,water,265,,torrent,79,83,100,78,85,105
caterpie,29,3,bug,39,,shield-dust,45,30,35,45,20,20
metapod,99,7,bug,72,,shed-skin,50,20,55,30,25,25
butterfree,320,11,bug,198,flying,compound-eyes,60,45,50,70,90,80
weedle,32,3,bug,39,poison,shield-dust,40,35,30,50,20,20
kakuna,100,6,bug,72,poison,shed-skin,45,25,50,35,25,25
beedrill,295,10,bug,178,poison,swarm,65,90,40,75,45,80
pidgey,18,3,normal,50,flying,keen-eye,40,45,40,56,35,35
pidgeotto,300,11,normal,122,flying,keen-eye,63,60,55,71,50,50
pidgeot,395,15,normal,216,flying,keen-eye,83,80,75,101,70,70
rattata,35,3,normal,51,,run-away,30,56,35,72,25,35
raticate,185,7,normal,145,,run-away,55,81,60,97,50,70
spearow,20,3,normal,52,flying,keen-eye,40,60,30,70,31,31
fearow,380,12,normal,155,flying,keen-eye,65,90,65,100,61,61
ekans,69,20,poison,58,,intimidate,35,60,44,55,40,54
arbok,650,35,poison,157,,intimidate,60,95,69,80,65,79
pikachu,60,4,electric,112,,static,35,55,40,90,50,50
raichu,300,8,electric,243,,static,60,90,55,110,90,80
sandshrew,120,6,ground,60,,sand-veil,50,75,85,40,20,30
sandslash,295,10,ground,158,,sand-veil,75,100,110,65,45,55
nidoran-f,70,4,poison,55,,poison-point,55,47,52,41,40,40
nidorina,200,8,poison,128,,poison-point,70,62,67,56,55,55
nidoqueen,600,13,poison,253,ground,poison-point,90,92,87,76,75,85
nidoran-m,90,5,poison,55,,poison-point,46,57,40,50,40,40
nidorino,195,9,poison,128,,poison-point,61,72,57,65,55,55
nidoking,620,14,poison,253,ground,poison-point,81,102,77,85,85,75
clefairy,75,6,fairy,113,,cute-charm,70,45,48,35,60,65
clefable,400,13,fairy,242,,cute-charm,95,70,73,60,95,90
vulpix,99,6,fire,60,,flash-fire,38,41,40,65,50,65
ninetales,199,11,fire,177,,flash-fire,73,76,75,100,81,100
jigglypuff,55,5,normal,95,fairy,cute-charm,115,45,20,20,45,25
wigglytuff,120,10,normal,218,fairy,cute-charm,140,70,45,45,85,50
zubat,75,8,poison,49,flying,inner-focus,40,45,35,55,30,40
golbat,550,16,poison,159,flying,inner-focus,75,80,70,90,65,75
oddish,54,5,grass,64,poison,chlorophyll,45,50,55,30,75,65
gloom,86,8,grass,138,poison,chlorophyll,60,65,70,40,85,75
vileplume,186,12,grass,245,poison,chlorophyll,75,80,85,50,110,90
paras,54,3,bug,57,grass,effect-spore,35,70,55,25,45,55
parasect,295,10,bug,142,grass,effect-spore,60,95,80,30,60,80
venonat,300,10,bug,61,poison,compound-eyes,60,55,50,45,40,55
venomoth,125,15,bug,158,poison,shield-dust,70,65,60,90,90,75
diglett,8,2,ground,53,,sand-veil,10,55,25,95,35,45
dugtrio,333,7,ground,149,,sand-veil,35,100,50,120,50,70
meowth,42,4,normal,58,,pickup,40,45,35,90,40,40
persian,320,10,normal,154,,limber,65,70,60,115,65,65
psyduck,196,8,water,64,,damp,50,52,48,55,65,50
golduck,766,17,water,175,,damp,80,82,78,85,95,80
mankey,280,5,fighting,61,,vital-spirit,40,80,35,70,35,45
primeape,320,10,fighting,159,,vital-spirit,65,105,60,95,60,70
growlithe,190,7,fire,70,,intimidate,55,70,45,60,70,50
arcanine,1550,19,fire,194,,intimidate,90,110,80,95,100,80
poliwag,124,6,water,60,,water-absorb,40,50,40,90,40,40
poliwhirl,200,10,water,135,,water-absorb,65,65,65,90,50,50
poliwrath,540,13,water,255,fighting,water-absorb,90,95,95,70,70,90
abra,195,9,psychic,62,,synchronize,25,20,15,90,105,55
kadabra,565,13,psychic,140,,synchronize,40,35,30,105,120,70
alakazam,480,15,psychic,250,,synchronize,55,50,45,120,135,95
machop,195,8,fighting,61,,guts,70,80,50,35,35,35
machoke,705,15,fighting,142,,guts,80,100,70,45,50,60
machamp,1300,16,fighting,253,,guts,90,130,80,55,65,85
bellsprout,40,7,grass,60,poison,chlorophyll,50,75,35,40,70,30
weepinbell,64,10,grass,137,poison,chlorophyll,65,90,50,55,85,45
victreebel,155,17,grass,221,poison,chlorophyll,80,105,65,70,100,70
tentacool,455,9,water,67,poison,clear-body,40,40,35,70,50,100
tentacruel,550,16,water,180,poison,clear-body,80,70,65,100,80,120
geodude,200,4,rock,60,ground,rock-head,40,80,100,20,30,30
graveler,1050,10,rock,137,ground,rock-head,55,95,115,35,45,45
golem,3000,14,rock,223,ground,rock-head,80,120,130,45,55,65
ponyta,300,10,fire,82,,run-away,50,85,55,90,65,65
rapidash,950,17,fire,175,,run-away,65,100,70,105,80,80
slowpoke,360,12,water,63,psychic,oblivious,90,65,65,15,40,40
slowbro,785,16,water,172,psychic,oblivious,95,75,110,30,100,80
magnemite,60,3,electric,65,steel,magnet-pull,25,35,70,45,95,55
magneton,600,10,electric,163,steel,magnet-pull,50,60,95,70,120,70
farfetchd,150,8,normal,132,flying,keen-eye,52,90,55,60,58,62
doduo,392,14,normal,62,flying,run-away,35,85,45,75,35,35
dodrio,852,18,normal,165,flying,run-away,60,110,70,110,60,60
seel,900,11,water,65,,thick-fat,65,45,55,45,45,70
dewgong,1200,17,water,166,ice,thick-fat,90,70,80,70,70,95
grimer,300,9,poison,65,,stench,80,80,50,25,40,50
muk,300,12,poison,175,,stench,105,105,75,50,65,100
shellder,40,3,water,61,,shell-armor,30,65,100,40,45,25
cloyster,1325,15,water,184,ice,shell-armor,50,95,180,70,85,45
gastly,1,13,ghost,62,poison,levitate,30,35,30,80,100,35
haunter,1,16,ghost,142,poison,levitate,45,50,45,95,115,55
gengar,405,15,ghost,250,poison,cursed-body,60,65,60,110,130,75
onix,2100,88,rock,77,ground,rock-head,35,45,160,70,30,45
drowzee,324,10,psychic,66,,insomnia,60,48,45,42,43,90
hypno,756,16,psychic,169,,insomnia,85,73,70,67,73,115
krabby,65,4,water,65,,hyper-cutter,30,105,90,50,25,25
kingler,600,13,water,166,,hyper-cutter,55,130,115,75,50,50
voltorb,104,5,electric,66,,soundproof,40,30,50,100,55,55
electrode,666,12,electric,172,,soundproof,60,50,70,150,80,80
exeggcute,25,4,grass,65,psychic,chlorophyll,60,40,80,40,60,45
exeggutor,1200,20,grass,186,psychic,chlorophyll,95,95,85,55,125,75
cubone,65,4,ground,64,,rock-head,50,50,95,35,40,50
marowak,450,10,ground,149,,rock-head,60,80,110,45,50,80
hitmonlee,498,15,fighting,159,,limber,50,120,53,87,35,110
hitmonchan,502,14,fighting,159,,keen-eye,50,105,79,76,35,110
lickitung,655,12,normal,77,,own-tempo,90,55,75,30,60,75
koffing,10,6,poison,68,,levitate,40,65,95,35,60,45
weezing,95,12,poison,172,,levitate,65,90,120,60,85,70
rhyhorn,1150,10,ground,69,rock,lightning-rod,80,85,95,25,30,30
rhydon,1200,19,ground,170,rock,lightning-rod,105,130,120,40,45,45
chansey,346,11,normal,395,,natural-cure,250,5,5,50,35,105
tangela,350,10,grass,87,,chlorophyll,65,55,115,60,100,40
kangaskhan,800,22,normal,172,,early-bird,105,95,80,90,40,80
horsea,80,4,water,59,,swift-swim,30,40,70,60,70,25
seadra,250,12,water,154,,poison-point,55,65,95,85,95,45
goldeen,150,6,water,64,,swift-swim,45,67,60,63,35,50
seaking,390,13,water,158,,swift-swim,80,92,65,68,65,80
staryu,345,8,water,68,,illuminate,30,45,55,85,70,55
starmie,800,11,water,182,psychic,illuminate,60,75,85,115,100,85
mr-mime,545,13,psychic,161,fairy,soundproof,40,45,65,90,100,120
scyther,560,15,bug,100,flying,swarm,70,110,80,105,55,80
jynx,406,14,ice,159,psychic,oblivious,65,50,35,95,115,95
electabuzz,300,11,electric,172,,static,65,83,57,105,95,85
magmar,445,13,fire,173,,flame-body,65,95,57,93,100,85
pinsir,550,15,bug,175,,hyper-cutter,65,125,100,85,55,70
tauros,884,14,normal,172,,intimidate,75,100,95,110,40,70
magikarp,100,9,water,40,,swift-swim,20,10,55,80,15,20
gyarados,2350,65,water,189,flying,intimidate,95,125,79,81,60,100
lapras,2200,25,water,187,ice,water-absorb,130,85,80,60,85,95
ditto,40,3,normal,101,,limber,48,48,48,48,48,48
eevee,65,3,normal,65,,run-away,55,55,50,55,45,65
vaporeon,290,10,water,184,,water-absorb,130,65,60,65,110,95
jolteon,245,8,electric,184,,volt-absorb,65,65,60,130,110,95
flareon,250,9,fire,184,,flash-fire,65,130,60,65,95,110
porygon,365,8,normal,79,,trace,65,60,70,40,85,75
omanyte,75,4,rock,71,water,swift-swim,35,40,100,35,90,55
omastar,350,10,rock,173,water,swift-swim,70,60,125,55,115,70
kabuto,115,5,rock,71,water,swift-swim,30,80,90,55,55,45
kabutops,405,13,rock,173,water,swift-swim,60,115,105,80,65,70
aerodactyl,590,18,rock,180,flying,rock-head,80,105,65,130,60,75
snorlax,4600,21,normal,189,,immunity,160,110,65,30,65,110
articuno,554,17,ice,290,flying,pressure,90,85,100,85,95,125
zapdos,526,16,electric,290,flying,pressure,90,90,85,100,125,90
moltres,600,20,fire,290,flying,pressure,90,100,90,90,125,85
dratini,33,18,dragon,60,,shed-skin,41,64,45,50,50,50
dragonair,165,40,dragon,147,,shed-skin,61,84,65,70,70,70
dragonite,2100,22,dragon,300,flying,inner-focus,91,134,95,80,100,100
mewtwo,1220,20,psychic,340,,pressure,106,110,90,130,154,90
mew,40,4,psychic,300,,synchronize,100,100,100,100,100,100
chikorita,64,9,grass,64,,overgrow,45,49,65,45,49,65
bayleef,158,12,grass,142,,overgrow,60,62,80,60,63,80
meganium,1005,18,grass,236,,overgrow,80,82,100,80,83,100
cyndaquil,79,5,fire,62,,blaze,39,52,43,65,60,50
quilava,190,9,fire,142,,blaze,58,64,58,80,80,65
typhlosion,795,17,fire,240,,blaze,78,84,78,100,109,85
totodile,95,6,water,63,,torrent,50,65,64,43,44,48
croconaw,250,11,water,142,,torrent,65,80,80,58,59,63
feraligatr,888,23,water,239,,torrent,85,105,100,78,79,83
sentret,60,8,normal,43,,run-away,35,46,34,20,35,45
furret,325,18,normal,145,,run-away,85,76,64,90,45,55
hoothoot,212,7,normal,52,flying,insomnia,60,30,30,50,36,56
noctowl,408,16,normal,158,flying,insomnia,100,50,50,70,86,96
ledyba,108,10,bug,53,flying,swarm,40,20,30,55,40,80
ledian,356,14,bug,137,flying,swarm,55,35,50,85,55,110
spinarak,85,5,bug,50,poison,swarm,40,60,40,30,40,40
ariados,335,11,bug,140,poison,swarm,70,90,70,40,60,70
crobat,750,18,poison,268,flying,inner-focus,85,90,80,130,70,80
chinchou,120,5,water,66,electric,volt-absorb,75,38,38,67,56,56
lanturn,225,12,water,161,electric,volt-absorb,125,58,58,67,76,76
pichu,20,3,electric,41,,static,20,40,15,60,35,35
cleffa,30,3,fairy,44,,cute-charm,50,25,28,15,45,55
igglybuff,10,3,normal,42,fairy,cute-charm,90,30,15,15,40,20
togepi,15,3,fairy,49,,hustle,35,20,65,20,40,65
togetic,32,6,fairy,142,flying,hustle,55,40,85,40,80,105
natu,20,2,psychic,64,flying,synchronize,40,50,45,70,70,45
xatu,150,15,psychic,165,flying,synchronize,65,75,70,95,95,70
mareep,78,6,electric,56,,static,55,40,40,35,65,45
flaaffy,133,8,electric,128,,static,70,55,55,45,80,60
ampharos,615,14,electric,230,,static,90,75,85,55,115,90
bellossom,58,4,grass,245,,chlorophyll,75,80,95,50,90,100
marill,85,4,water,88,fairy,thick-fat,70,20,50,40,20,50
azumarill,285,8,water,210,fairy,thick-fat,100,50,80,50,60,80
sudowoodo,380,12,rock,144,,sturdy,70,100,115,30,30,65
politoed,339,11,water,250,,water-absorb,90,75,75,70,90,100
hoppip,5,4,grass,50,flying,chlorophyll,35,35,40,50,35,55
skiploom,10,6,grass,119,flying,chlorophyll,55,45,50,80,45,65
jumpluff,30,8,grass,207,flying,chlorophyll,75,55,70,110,55,95
aipom,115,8,normal,72,,run-away,55,70,55,85,40,55
sunkern,18,3,grass,36,,chlorophyll,30,30,30,30,30,30
sunflora,85,8,grass,149,,chlorophyll,75,75,55,30,105,85
yanma,380,12,bug,78,flying,speed-boost,65,65,45,95,75,45
wooper,85,4,water,42,ground,damp,55,45,45,15,25,25
quagsire,750,14,water,151,ground,damp,95,85,85,35,65,65
espeon,265,9,psychic,184,,synchronize,65,65,60,110,130,95
umbreon,270,10,dark,184,,synchronize,95,65,110,65,60,130
murkrow,21,5,dark,81,flying,insomnia,60,85,42,91,85,42
slowking,795,20,water,172,psychic,oblivious,95,75,80,30,100,110
misdreavus,10,7,ghost,87,,levitate,60,60,60,85,85,85
unown,50,5,psychic,118,,levitate,48,72,48,48,72,48
wobbuffet,285,13,psychic,142,,shadow-tag,190,33,58,33,33,58
girafarig,415,15,normal,159,psychic,inner-focus,70,80,65,85,90,65
pineco,72,6,bug,58,,sturdy,50,65,90,15,35,35
forretress,1258,12,bug,163,steel,sturdy,75,90,140,40,60,60
dunsparce,140,15,normal,145,,serene-grace,100,70,70,45,65,65
gligar,648,11,ground,86,flying,hyper-cutter,65,75,105,85,35,65
steelix,4000,92,steel,179,ground,rock-head,75,85,200,30,55,65
snubbull,78,6,fairy,60,,intimidate,60,80,50,30,40,40
granbull,487,14,fairy,158,,intimidate,90,120,75,45,60,60
qwilfish,39,5,water,88,poison,poison-point,65,95,85,85,55,55
scizor,1180,18,bug,175,steel,swarm,70,130,100,65,55,80
shuckle,205,6,bug,177,rock,sturdy,20,10,230,5,10,230
heracross,540,15,bug,175,fighting,swarm,80,125,75,85,40,95
sneasel,280,9,dark,86,ice,inner-focus,55,95,55,115,35,75
teddiursa,88,6,normal,66,,pickup,60,80,50,40,50,50
ursaring,1258,18,normal,175,,guts,90,130,75,55,75,75
slugma,350,7,fire,50,,magma-armor,40,40,40,20,70,40
magcargo,550,8,fire,151,rock,magma-armor,60,50,120,30,90,80
swinub,65,4,ice,50,ground,oblivious,50,50,40,50,30,30
piloswine,558,11,ice,158,ground,oblivious,100,100,80,50,60,60
corsola,50,6,water,144,rock,hustle,65,55,95,35,65,95
remoraid,120,6,water,60,,hustle,35,65,35,65,65,35
octillery,285,9,water,168,,suction-cups,75,105,75,45,105,75
delibird,160,9,ice,116,flying,vital-spirit,45,55,45,75,65,45
mantine,2200,21,water,170,flying,swift-swim,85,40,70,70,80,140
skarmory,505,17,steel,163,flying,keen-eye,65,80,140,70,40,70
houndour,108,6,dark,66,fire,early-bird,45,60,30,65,80,50
houndoom,350,14,dark,175,fire,early-bird,75,90,50,95,110,80
kingdra,1520,18,water,270,dragon,swift-swim,75,95,95,85,95,95
phanpy,335,5,ground,66,,pickup,90,60,60,40,40,40
donphan,1200,11,ground,175,,sturdy,90,120,120,50,60,60
porygon2,325,6,normal,180,,trace,85,80,90,60,105,95
stantler,712,14,normal,163,,intimidate,73,95,62,85,85,65
smeargle,580,12,normal,88,,own-tempo,55,20,35,75,20,45
tyrogue,210,7,fighting,42,,guts,35,35,35,35,35,35
hitmontop,480,14,fighting,159,,intimidate,50,95,95,70,35,110
smoochum,60,4,ice,61,psychic,oblivious,45,30,15,65,85,65
elekid,235,6,electric,72,,static,45,63,37,95,65,55
magby,214,7,fire,73,,flame-body,45,75,37,83,70,55
miltank,755,12,normal,172,,thick-fat,95,80,105,100,40,70
blissey,468,15,normal,635,,natural-cure,255,10,10,55,75,135
raikou,1780,19,electric,290,,pressure,90,85,75,115,115,100
entei,1980,21,fire,290,,pressure,115,115,85,100,90,75
suicune,1870,20,water,290,,pressure,100,75,115,85,90,115
larvitar,720,6,rock,60,ground,guts,50,64,50,41,45,50
pupitar,1520,12,rock,144,ground,shed-skin,70,84,70,51,65,70
tyranitar,2020,20,rock,300,dark,sand-stream,100,134,110,61,95,100
lugia,2160,52,psychic,340,flying,pressure,106,90,130,110,90,154
ho-oh,1990,38,fire,340,flying,pressure,106,130,90,90,110,154
celebi,50,6,psychic,300,grass,natural-cure,100,100,100,100,100,100
treecko,50,5,grass,62,,overgrow,40,45,35,70,65,55
grovyle,216,9,grass,142,,overgrow,50,65,45,95,85,65
sceptile,522,17,grass,265,,overgrow,70,85,65,120,105,85
torchic,25,4,fire,62,,blaze,45,60,40,45,70,50
combusken,195,9,fire,142,fighting,blaze,60,85,60,55,85,60
blaziken,520,19,fire,265,fighting,blaze,80,120,70,80,110,70
mudkip,76,4,water,62,,torrent,50,70,50,40,50,50
marshtomp,280,7,water,142,ground,torrent,70,85,70,50,60,70
swampert,819,15,water,268,ground,torrent,100,110,90,60,85,90
poochyena,136,5,dark,56,,run-away,35,55,35,35,30,30
mightyena,370,10,dark,147,,intimidate,70,90,70,70,60,60
zigzagoon,175,4,normal,56,,pickup,38,30,41,60,30,41
linoone,325,5,normal,147,,pickup,78,70,61,100,50,61
wurmple,36,3,bug,56,,shield-dust,45,45,35,20,20,30
silcoon,100,6,bug,72,,shed-skin,50,35,55,15,25,25
beautifly,284,10,bug,178,flying,swarm,60,70,50,65,100,50
cascoon,115,7,bug,72,,shed-skin,50,35,55,15,25,25
dustox,316,12,bug,173,poison,shield-dust,60,50,70,65,50,90
lotad,26,5,water,44,grass,swift-swim,40,30,30,30,40,50
lombre,325,12,water,119,grass,swift-swim,60,50,50,50,60,70
ludicolo,550,15,water,240,grass,swift-swim,80,70,70,70,90,100
seedot,40,5,grass,44,,chlorophyll,40,40,50,30,30,30
nuzleaf,280,10,grass,119,dark,chlorophyll,70,70,40,60,60,40
shiftry,596,13,grass,240,dark,chlorophyll,90,100,60,80,90,60
taillow,23,3,normal,54,flying,guts,40,55,30,85,30,30
swellow,198,7,normal,159,flying,guts,60,85,60,125,75,50
wingull,95,6,water,54,flying,keen-eye,40,30,30,85,55,30
pelipper,280,12,water,154,flying,keen-eye,60,50,100,65,95,70
ralts,66,4,psychic,40,fairy,synchronize,28,25,25,40,45,35
kirlia,202,8,psychic,97,fairy,synchronize,38,35,35,50,65,55
gardevoir,484,16,psychic,259,fairy,synchronize,68,65,65,80,125,115
surskit,17,5,bug,54,water,swift-swim,40,30,32,65,50,52
masquerain,36,8,bug,159,flying,intimidate,70,60,62,80,100,82
shroomish,45,4,grass,59,,effect-spore,60,40,60,35,40,60
breloom,392,12,grass,161,fighting,effect-spore,60,130,80,70,60,60
slakoth,240,8,normal,56,,truant,60,60,60,30,35,35
vigoroth,465,14,normal,154,,vital-spirit,80,80,80,90,55,55
slaking,1305,20,normal,252,,truant,150,160,100,100,95,65
nincada,55,5,bug,53,ground,compound-eyes,31,45,90,40,30,30
ninjask,120,8,bug,160,flying,speed-boost,61,90,45,160,50,50
shedinja,12,8,bug,83,ghost,wonder-guard,1,90,45,40,30,30
whismur,163,6,normal,48,,soundproof,64,51,23,28,51,23
loudred,405,10,normal,126,,soundproof,84,71,43,48,71,43
exploud,840,15,normal,245,,soundproof,104,91,63,68,91,73
makuhita,864,10,fighting,47,,thick-fat,72,60,30,25,20,30
hariyama,2538,23,fighting,166,,thick-fat,144,120,60,50,40,60
azurill,20,2,normal,38,fairy,thick-fat,50,20,40,20,20,40
nosepass,970,10,rock,75,,sturdy,30,45,135,30,45,90
skitty,110,6,normal,52,,cute-charm,50,45,45,50,35,35
delcatty,326,11,normal,140,,cute-charm,70,65,65,90,55,55
sableye,110,5,dark,133,ghost,keen-eye,50,75,75,50,65,65
mawile,115,6,steel,133,fairy,hyper-cutter,50,85,85,50,55,55
aron,600,4,steel,66,rock,sturdy,50,70,100,30,40,40
lairon,1200,9,steel,151,rock,sturdy,60,90,140,40,50,50
aggron,3600,21,steel,265,rock,sturdy,70,110,180,50,60,60
meditite,112,6,fighting,56,psychic,pure-power,30,40,55,60,40,55
medicham,315,13,fighting,144,psychic,pure-power,60,60,75,80,60,75
electrike,152,6,electric,59,,static,40,45,40,65,65,40
manectric,402,15,electric,166,,static,70,75,60,105,105,60
plusle,42,4,electric,142,,plus,60,50,40,95,85,75
minun,42,4,electric,142,,minus,60,40,50,95,75,85
volbeat,177,7,bug,151,,illuminate,65,73,75,85,47,85
illumise,177,6,bug,151,,oblivious,65,47,75,85,73,85
roselia,20,3,grass,140,poison,natural-cure,50,60,45,65,100,80
gulpin,103,4,poison,60,,liquid-ooze,70,43,53,40,43,53
swalot,800,17,poison,163,,liquid-ooze,100,73,83,55,73,83
carvanha,208,8,water,61,dark,rough-skin,45,90,20,65,65,20
sharpedo,888,18,water,161,dark,rough-skin,70,120,40,95,95,40
wailmer,1300,20,water,80,,water-veil,130,70,35,60,70,35
wailord,3980,145,water,175,,water-veil,170,90,45,60,90,45
numel,240,7,fire,61,ground,oblivious,60,60,40,35,65,45
camerupt,2200,19,fire,161,ground,magma-armor,70,100,70,40,105,75
torkoal,804,5,fire,165,,white-smoke,70,85,140,20,85,70
spoink,306,7,psychic,66,,thick-fat,60,25,35,60,70,80
grumpig,715,9,psychic,165,,thick-fat,80,45,65,80,90,110
spinda,50,11,normal,126,,own-tempo,60,60,60,60,60,60
trapinch,150,7,ground,58,,hyper-cutter,45,100,45,10,45,45
vibrava,153,11,ground,119,dragon,levitate,50,70,50,70,50,50
flygon,820,20,ground,260,dragon,levitate,80,100,80,100,80,80
cacnea,513,4,grass,67,,sand-veil,50,85,40,35,85,40
cacturne,774,13,grass,166,dark,sand-veil,70,115,60,55,115,60
swablu,12,4,normal,62,flying,natural-cure,45,40,60,50,40,75
altaria,206,11,dragon,172,flying,natural-cure,75,70,90,80,70,105
zangoose,403,13,normal,160,,immunity,73,115,60,90,60,60
seviper,525,27,poison,160,,shed-skin,73,100,60,65,100,60
lunatone,1680,10,rock,161,psychic,levitate,90,55,65,70,95,85
solrock,1540,12,rock,161,psychic,levitate,90,95,85,70,55,65
barboach,19,4,water,58,ground,oblivious,50,48,43,60,46,41
whiscash,236,9,water,164,ground,oblivious,110,78,73,60,76,71
corphish,115,6,water,62,,hyper-cutter,43,80,65,35,50,35
crawdaunt,328,11,water,164,dark,hyper-cutter,63,120,85,55,90,55
baltoy,215,5,ground,60,psychic,levitate,40,40,55,55,40,70
claydol,1080,15,ground,175,psychic,levitate,60,70,105,75,70,120
lileep,238,10,rock,71,grass,suction-cups,66,41,77,23,61,87
cradily,604,15,rock,173,grass,suction-cups,86,81,97,43,81,107
anorith,125,7,rock,71,bug,battle-armor,45,95,50,75,40,50
armaldo,682,15,rock,173,bug,battle-armor,75,125,100,45,70,80
feebas,74,6,water,40,,swift-swim,20,15,20,80,10,55
milotic,1620,62,water,189,,marvel-scale,95,60,79,81,100,125
castform,8,3,normal,147,,forecast,70,70,70,70,70,70
kecleon,220,10,normal,154,,color-change,60,90,70,40,60,120
shuppet,23,6,ghost,59,,insomnia,44,75,35,45,63,33
banette,125,11,ghost,159,,insomnia,64,115,65,65,83,63
duskull,150,8,ghost,59,,levitate,20,40,90,25,30,90
dusclops,306,16,ghost,159,,pressure,40,70,130,25,60,130
tropius,1000,20,grass,161,flying,chlorophyll,99,68,83,51,72,87
chimecho,10,6,psychic,159,,levitate,75,50,80,65,95,90
absol,470,12,dark,163,,pressure,65,130,60,75,75,60
wynaut,140,6,psychic,52,,shadow-tag,95,23,48,23,23,48
snorunt,168,7,ice,60,,inner-focus,50,50,50,50,50,50
glalie,2565,15,ice,168,,inner-focus,80,80,80,80,80,80
spheal,395,8,ice,58,water,thick-fat,70,40,50,25,55,50
sealeo,876,11,ice,144,water,thick-fat,90,60,70,45,75,70
walrein,1506,14,ice,265,water,thick-fat,110,80,90,65,95,90
clamperl,525,4,water,69,,shell-armor,35,64,85,32,74,55
huntail,270,17,water,170,,swift-swim,55,104,105,52,94,75
gorebyss,226,18,water,170,,swift-swim,55,84,105,52,114,75
relicanth,234,10,water,170,rock,swift-swim,100,90,130,55,45,65
luvdisc,87,6,water,116,,swift-swim,43,30,55,97,40,65
bagon,421,6,dragon,60,,rock-head,45,75,60,50,40,30
shelgon,1105,11,dragon,147,,rock-head,65,95,100,50,60,50
salamence,1026,15,dragon,300,flying,intimidate,95,135,80,100,110,80
beldum,952,6,steel,60,psychic,clear-body,40,55,80,30,35,60
metang,2025,12,steel,147,psychic,clear-body,60,75,100,50,55,80
metagross,5500,16,steel,300,psychic,clear-body,80,135,130,70,95,90
regirock,2300,17,rock,290,,clear-body,80,100,200,50,50,100
regice,1750,18,ice,290,,clear-body,80,50,100,50,100,200
registeel,2050,19,steel,290,,clear-body,80,75,150,50,75,150
latias,400,14,dragon,300,psychic,levitate,80,80,90,110,110,130
latios,600,20,dragon,300,psychic,levitate,80,90,80,110,130,110
kyogre,3520,45,water,335,,drizzle,100,100,90,90,150,140
groudon,9500,35,ground,335,,drought,100,150,140,90,100,90
rayquaza,2065,70,dragon,340,flying,air-lock,105,150,90,95,150,90
jirachi,11,3,steel,300,psychic,serene-grace,100,100,100,100,100,100
deoxys-normal,608,17,psychic,270,,pressure,50,150,50,150,150,50
turtwig,102,4,grass,64,,overgrow,55,68,64,31,45,55
grotle,970,11,grass,142,,overgrow,75,89,85,36,55,65
torterra,3100,22,grass,236,ground,overgrow,95,109,105,56,75,85
chimchar,62,5,fire,62,,blaze,44,58,44,61,58,44
monferno,220,9,fire,142,fighting,blaze,64,78,52,81,78,52
infernape,550,12,fire,240,fighting,blaze,76,104,71,108,104,71
piplup,52,4,water,63,,torrent,53,51,53,40,61,56
prinplup,230,8,water,142,,torrent,64,66,68,50,81,76
empoleon,845,17,water,239,steel,torrent,84,86,88,60,111,101
starly,20,3,normal,49,flying,keen-eye,40,55,30,60,30,30
staravia,155,6,normal,119,flying,intimidate,55,75,50,80,40,40
staraptor,249,12,normal,218,flying,intimidate,85,120,70,100,50,60
bidoof,200,5,normal,50,,simple,59,45,40,31,35,40
bibarel,315,10,normal,144,water,simple,79,85,60,71,55,60
kricketot,22,3,bug,39,,shed-skin,37,25,41,25,25,41
kricketune,255,10,bug,134,,swarm,77,85,51,65,55,51
shinx,95,5,electric,53,,rivalry,45,65,34,45,40,34
luxio,305,9,electric,127,,rivalry,60,85,49,60,60,49
luxray,420,14,electric,262,,rivalry,80,120,79,70,95,79
budew,12,2,grass,56,poison,natural-cure,40,30,35,55,50,70
roserade,145,9,grass,258,poison,natural-cure,60,70,65,90,125,105
cranidos,315,9,rock,70,,mold-breaker,67,125,40,58,30,30
rampardos,1025,16,rock,173,,mold-breaker,97,165,60,58,65,50
shieldon,570,5,rock,70,steel,sturdy,30,42,118,30,42,88
bastiodon,1495,13,rock,173,steel,sturdy,60,52,168,30,47,138
burmy,34,2,bug,45,,shed-skin,40,29,45,36,29,45
wormadam-plant,65,5,bug,148,grass,anticipation,60,59,85,36,79,105
mothim,233,9,bug,148,flying,swarm,70,94,50,66,94,50
combee,55,3,bug,49,flying,honey-gather,30,30,42,70,30,42
vespiquen,385,12,bug,166,flying,pressure,70,80,102,40,80,102
pachirisu,39,4,electric,142,,run-away,60,45,70,95,45,90
buizel,295,7,water,66,,swift-swim,55,65,35,85,60,30
floatzel,335,11,water,173,,swift-swim,85,105,55,115,85,50
cherubi,33,4,grass,55,,chlorophyll,45,35,45,35,62,53
cherrim,93,5,grass,158,,flower-gift,70,60,70,85,87,78
shellos,63,3,water,65,,sticky-hold,76,48,48,34,57,62
gastrodon,299,9,water,166,ground,sticky-hold,111,83,68,39,92,82
ambipom,203,12,normal,169,,technician,75,100,66,115,60,66
drifloon,12,4,ghost,70,flying,aftermath,90,50,34,70,60,44
drifblim,150,12,ghost,174,flying,aftermath,150,80,44,80,90,54
buneary,55,4,normal,70,,run-away,55,66,44,85,44,56
lopunny,333,12,normal,168,,cute-charm,65,76,84,105,54,96
mismagius,44,9,ghost,173,,levitate,60,60,60,105,105,105
honchkrow,273,9,dark,177,flying,insomnia,100,125,52,71,105,52
glameow,39,5,normal,62,,limber,49,55,42,85,42,37
purugly,438,10,normal,158,,thick-fat,71,82,64,112,64,59
chingling,6,2,psychic,57,,levitate,45,30,50,45,65,50
stunky,192,4,poison,66,dark,stench,63,63,47,74,41,41
skuntank,380,10,poison,168,dark,stench,103,93,67,84,71,61
bronzor,605,5,steel,60,psychic,levitate,57,24,86,23,24,86
bronzong,1870,13,steel,175,psychic,levitate,67,89,116,33,79,116
bonsly,150,5,rock,58,,sturdy,50,80,95,10,10,45
mime-jr,130,6,psychic,62,fairy,soundproof,20,25,45,60,70,90
happiny,244,6,normal,110,,natural-cure,100,5,5,30,15,65
chatot,19,5,normal,144,flying,keen-eye,76,65,45,91,92,42
spiritomb,1080,10,ghost,170,dark,pressure,50,92,108,35,92,108
gible,205,7,dragon,60,ground,sand-veil,58,70,45,42,40,45
gabite,560,14,dragon,144,ground,sand-veil,68,90,65,82,50,55
garchomp,950,19,dragon,300,ground,sand-veil,108,130,95,102,80,85
munchlax,1050,6,normal,78,,pickup,135,85,40,5,40,85
riolu,202,7,fighting,57,,steadfast,40,70,40,60,35,40
lucario,540,12,fighting,184,steel,steadfast,70,110,70,90,115,70
hippopotas,495,8,ground,66,,sand-stream,68,72,78,32,38,42
hippowdon,3000,20,ground,184,,sand-stream,108,112,118,47,68,72
skorupi,120,8,poison,66,bug,battle-armor,40,50,90,65,30,55
drapion,615,13,poison,175,dark,battle-armor,70,90,110,95,60,75
croagunk,230,7,poison,60,fighting,anticipation,48,61,40,50,61,40
toxicroak,444,13,poison,172,fighting,anticipation,83,106,65,85,86,65
carnivine,270,14,grass,159,,levitate,74,100,72,46,90,72
finneon,70,4,water,66,,swift-swim,49,49,56,66,49,61
lumineon,240,12,water,161,,swift-swim,69,69,76,91,69,86
mantyke,650,10,water,69,flying,swift-swim,45,20,50,50,60,120
snover,505,10,grass,67,ice,snow-warning,60,62,50,40,62,60
abomasnow,1355,22,grass,173,ice,snow-warning,90,92,75,60,92,85
weavile,340,11,dark,179,ice,pressure,70,120,65,125,45,85
magnezone,1800,12,electric,268,steel,magnet-pull,70,70,115,60,130,90
lickilicky,1400,17,normal,180,,own-tempo,110,85,95,50,80,95
rhyperior,2828,24,ground,268,rock,lightning-rod,115,140,130,40,55,55
tangrowth,1286,20,grass,187,,chlorophyll,100,100,125,50,110,50
electivire,1386,18,electric,270,,motor-drive,75,123,67,95,95,85
magmortar,680,16,fire,270,,flame-body,75,95,67,83,125,95
togekiss,380,15,fairy,273,flying,hustle,85,50,95,80,120,115
yanmega,515,19,bug,180,flying,speed-boost,86,76,86,95,116,56
leafeon,255,10,grass,184,,leaf-guard,65,110,130,95,60,65
glaceon,259,8,ice,184,,snow-cloak,65,60,110,65,130,95
gliscor,425,20,ground,179,flying,hyper-cutter,75,95,125,95,45,75
mamoswine,2910,25,ice,265,ground,oblivious,110,130,80,80,70,60
porygon-z,340,9,normal,268,,adaptability,85,80,70,90,135,75
gallade,520,16,psychic,259,fighting,steadfast,68,125,65,80,65,115
probopass,3400,14,rock,184,steel,sturdy,60,55,145,40,75,150
dusknoir,1066,22,ghost,263,,pressure,45,100,135,45,65,135
froslass,266,13,ice,168,ghost,snow-cloak,70,80,70,110,80,70
rotom,3,3,electric,154,ghost,levitate,50,50,77,91,95,77
uxie,3,3,psychic,290,,levitate,75,75,130,95,75,130
mesprit,3,3,psychic,290,,levitate,80,105,105,80,105,105
azelf,3,3,psychic,290,,levitate,75,125,70,115,125,70
dialga,6830,54,steel,340,dragon,pressure,100,120,120,90,150,100
palkia,3360,42,water,340,dragon,pressure,90,120,100,100,150,120
heatran,4300,17,fire,300,steel,flash-fire,91,90,106,77,130,106
regigigas,4200,37,normal,335,,slow-start,110,160,110,100,80,110
giratina-altered,7500,45,ghost,340,dragon,pressure,150,100,120,90,100,120
cresselia,856,15,psychic,300,,levitate,120,70,110,85,75,120
phione,31,4,water,216,,hydration,80,80,80,80,80,80
manaphy,14,3,water,270,,hydration,100,100,100,100,100,100
darkrai,505,15,dark,270,,bad-dreams,70,90,90,125,135,90
shaymin-land,21,2,grass,270,,natural-cure,100,100,100,100,100,100
arceus,3200,32,normal,324,,multitype,120,120,120,120,120,120
victini,40,4,psychic,300,fire,victory-star,100,100,100,100,100,100
snivy,81,6,grass,62,,overgrow,45,45,55,63,45,55
servine,160,8,grass,145,,overgrow,60,60,75,83,60,75
serperior,630,33,grass,238,,overgrow,75,75,95,113,75,95
tepig,99,5,fire,62,,blaze,65,63,45,45,45,45
pignite,555,10,fire,146,fighting,blaze,90,93,55,55,70,55
emboar,1500,16,fire,238,fighting,blaze,110,123,65,65,100,65
oshawott,59,5,water,62,,torrent,55,55,45,45,63,45
dewott,245,8,water,145,,torrent,75,75,60,60,83,60
samurott,946,15,water,238,,torrent,95,100,85,70,108,70
patrat,116,5,normal,51,,run-away,45,55,39,42,35,39
watchog,270,11,normal,147,,illuminate,60,85,69,77,60,69
lillipup,41,4,normal,55,,vital-spirit,45,60,45,55,25,45
herdier,147,9,normal,130,,intimidate,65,80,65,60,35,65
stoutland,610,12,normal,250,,intimidate,85,110,90,80,45,90
purrloin,101,4,dark,56,,limber,41,50,37,66,50,37
liepard,375,11,dark,156,,limber,64,88,50,106,88,50
pansage,105,6,grass,63,,gluttony,50,53,48,64,53,48
simisage,305,11,grass,174,,gluttony,75,98,63,101,98,63
pansear,110,6,fire,63,,gluttony,50,53,48,64,53,48
simisear,280,10,fire,174,,gluttony,75,98,63,101,98,63
panpour,135,6,water,63,,gluttony,50,53,48,64,53,48
simipour,290,10,water,174,,gluttony,75,98,63,101,98,63
munna,233,6,psychic,58,,forewarn,76,25,45,24,67,55
musharna,605,11,psychic,170,,forewarn,116,55,85,29,107,95
pidove,21,3,normal,53,flying,big-pecks,50,55,50,43,36,30
tranquill,150,6,normal,125,flying,big-pecks,62,77,62,65,50,42
unfezant,290,12,normal,244,flying,big-pecks,80,115,80,93,65,55
blitzle,298,8,electric,59,,lightning-rod,45,60,32,76,50,32
zebstrika,795,16,electric,174,,lightning-rod,75,100,63,116,80,63
roggenrola,180,4,rock,56,,sturdy,55,75,85,15,25,25
boldore,1020,9,rock,137,,sturdy,70,105,105,20,50,40
gigalith,2600,17,rock,258,,sturdy,85,135,130,25,60,80
woobat,21,4,psychic,65,flying,unaware,65,45,43,72,55,43
swoobat,105,9,psychic,149,flying,unaware,67,57,55,114,77,55
drilbur,85,3,ground,66,,sand-rush,60,85,40,68,30,45
excadrill,404,7,ground,178,steel,sand-rush,110,135,60,88,50,65
audino,310,11,normal,390,,healer,103,60,86,50,60,86
timburr,125,6,fighting,61,,guts,75,80,55,35,25,35
gurdurr,400,12,fighting,142,,guts,85,105,85,40,40,50
conkeldurr,870,14,fighting,253,,guts,105,140,95,45,55,65
tympole,45,5,water,59,,swift-swim,50,50,40,64,50,40
palpitoad,170,8,water,134,ground,swift-swim,75,65,55,69,65,55
seismitoad,620,15,water,255,ground,swift-swim,105,95,75,74,85,75
throh,555,13,fighting,163,,guts,120,100,85,45,30,85
sawk,510,14,fighting,163,,sturdy,75,125,75,85,30,75
sewaddle,25,3,bug,62,grass,swarm,45,53,70,42,40,60
swadloon,73,5,bug,133,grass,leaf-guard,55,63,90,42,50,80
leavanny,205,12,bug,225,grass,swarm,75,103,80,92,70,80
venipede,53,4,bug,52,poison,poison-point,30,45,59,57,30,39
whirlipede,585,12,bug,126,poison,poison-point,40,55,99,47,40,79
scolipede,2005,25,bug,243,poison,poison-point,60,100,89,112,55,69
cottonee,6,3,grass,56,fairy,prankster,40,27,60,66,37,50
whimsicott,66,7,grass,168,fairy,prankster,60,67,85,116,77,75
petilil,66,5,grass,56,,chlorophyll,45,35,50,30,70,50
lilligant,163,11,grass,168,,chlorophyll,70,60,75,90,110,75
basculin-red-striped,180,10,water,161,,reckless,70,92,65,98,80,55
sandile,152,7,ground,58,dark,intimidate,50,72,35,65,35,35
krokorok,334,10,ground,123,dark,intimidate,60,82,45,74,45,45
krookodile,963,15,ground,260,dark,intimidate,95,117,80,92,65,70
darumaka,375,6,fire,63,,hustle,70,90,45,50,15,45
darmanitan-standard,929,13,fire,168,,sheer-force,105,140,55,95,30,55
maractus,280,10,grass,161,,water-absorb,75,86,67,60,106,67
dwebble,145,3,bug,65,rock,sturdy,50,65,85,55,35,35
crustle,2000,14,bug,170,rock,sturdy,70,105,125,45,65,75
scraggy,118,6,dark,70,fighting,shed-skin,50,75,70,48,35,70
scrafty,300,11,dark,171,fighting,shed-skin,65,90,115,58,45,115
sigilyph,140,14,psychic,172,flying,wonder-skin,72,58,80,97,103,80
yamask,15,5,ghost,61,,mummy,38,30,85,30,55,65
cofagrigus,765,17,ghost,169,,mummy,58,50,145,30,95,105
tirtouga,165,7,water,71,rock,solid-rock,54,78,103,22,53,45
carracosta,810,12,water,173,rock,solid-rock,74,108,133,32,83,65
archen,95,5,rock,71,flying,defeatist,55,112,45,70,74,45
archeops,320,14,rock,177,flying,defeatist,75,140,65,110,112,65
trubbish,310,6,poison,66,,stench,50,50,62,65,40,62
garbodor,1073,19,poison,166,,stench,80,95,82,75,60,82
zorua,125,7,dark,66,,illusion,40,65,40,65,80,40
zoroark,811,16,dark,179,,illusion,60,105,60,105,120,60
minccino,58,4,normal,60,,cute-charm,55,50,40,75,40,40
cinccino,75,5,normal,165,,cute-charm,75,95,60,115,65,60
gothita,58,4,psychic,58,,frisk,45,30,50,45,55,65
gothorita,180,7,psychic,137,,frisk,60,45,70,55,75,85
gothitelle,440,15,psychic,245,,frisk,70,55,95,65,95,110
solosis,10,3,psychic,58,,overcoat,45,30,40,20,105,50
duosion,80,6,psychic,130,,overcoat,65,40,50,30,125,60
reuniclus,201,10,psychic,245,,overcoat,110,65,75,30,125,85
ducklett,55,5,water,61,flying,keen-eye,62,44,50,55,44,50
swanna,242,13,water,166,flying,keen-eye,75,87,63,98,87,63
vanillite,57,4,ice,61,,ice-body,36,50,50,44,65,60
vanillish,410,11,ice,138,,ice-body,51,65,65,59,80,75
vanilluxe,575,13,ice,268,,ice-body,71,95,85,79,110,95
deerling,195,6,normal,67,grass,chlorophyll,60,60,50,75,40,50
sawsbuck,925,19,normal,166,grass,chlorophyll,80,100,70,95,60,70
emolga,50,4,electric,150,flying,static,55,75,60,103,75,60
karrablast,59,5,bug,63,,swarm,50,75,45,60,40,45
escavalier,330,10,bug,173,steel,swarm,70,135,105,20,60,105
foongus,10,2,grass,59,poison,effect-spore,69,55,45,15,55,55
amoonguss,105,6,grass,162,poison,effect-spore,114,85,70,30,85,80
frillish,330,12,water,67,ghost,water-absorb,55,40,50,40,65,85
jellicent,1350,22,water,168,ghost,water-absorb,100,60,70,60,85,105
alomomola,316,12,water,165,,healer,165,75,80,65,40,45
joltik,6,1,bug,64,electric,compound-eyes,50,47,50,65,57,50
galvantula,143,8,bug,165,electric,compound-eyes,70,77,60,108,97,60
ferroseed,188,6,grass,61,steel,iron-barbs,44,50,91,10,24,86
ferrothorn,1100,10,grass,171,steel,iron-barbs,74,94,131,20,54,116
klink,210,3,steel,60,,plus,40,55,70,30,45,60
klang,510,6,steel,154,,plus,60,80,95,50,70,85
